sku_id,lead_time_days,demand_variability,safety_stock,stockout
1,57,0.135,424.24,1
2,59,0.315,131.88,0
3,37,0.356,271.44,0
4,33,0.413,130.72,0
5,16,0.343,181.07,0
6,28,0.227,401.15,1
7,16,0.343,229.02,0
8,26,0.214,156.91,0
9,55,0.143,21.49,0
10,40,0.1,108.99,0
11,53,0.05,129.87,0
12,4,0.033,490.84,1
13,16,0.391,491.81,1
14,58,0.055,239.3,0
15,12,0.287,370.98,1
16,26,0.15,283.94,0
17,28,0.195,358.56,1
18,46,0.228,29.71,0
19,57,0.072,400.58,1
20,2,0.073,369.33,1
21,4,0.368,354.33,1
22,58,0.125,255.21,1
23,59,0.002,361.9,1
24,59,0.406,365.18,1
25,53,0.292,195.67,0
26,9,0.44,233.49,0
27,12,0.299,250.18,0
28,41,0.157,454.96,1
29,19,0.034,441.6,1
30,51,0.249,376.25,1
31,1,0.408,297.56,0
32,56,0.034,182.75,0
33,39,0.329,238.61,0
34,14,0.311,237.14,0
35,18,0.097,360.01,1
36,12,0.197,116.24,0
37,50,0.334,148.8,0
38,56,0.182,209.63,0
39,13,0.127,306.15,1
40,3,0.314,322.99,1
41,22,0.031,267.57,0
42,12,0.454,188.28,0
43,33,0.437,283.07,1
44,48,0.202,261.63,0
45,51,0.031,240.54,0
46,16,0.124,215.93,0
47,30,0.479,473.15,1
48,57,0.29,20.07,0
49,56,0.497,389.65,1
50,59,0.047,346.3,1
51,39,0.471,174.29,0
52,35,0.234,408.17,1
53,23,0.301,370.48,1
54,19,0.221,298.8,1
55,46,0.306,137.71,0
56,10,0.258,307.64,1
57,13,0.295,476.51,1
58,24,0.378,269.44,0
59,22,0.441,459.7,1
60,11,0.425,217.7,0
61,44,0.393,62.17,0
62,42,0.472,51.8,0
63,10,0.445,447.22,1
64,47,0.286,488.95,1
65,15,0.349,272.99,0
66,36,0.299,116.22,0
67,33,0.238,309.34,1
68,23,0.173,251.96,0
69,9,0.095,47.34,0
70,47,0.265,194.25,0
71,35,0.448,198.17,0
72,17,0.414,418.24,1
73,20,0.151,265.72,0
74,45,0.343,204.03,0
75,59,0.225,300.65,1
76,31,0.311,109.57,0
77,6,0.413,456.01,1
78,45,0.428,155.09,0
79,14,0.325,404.31,1
80,42,0.196,293.79,1
81,49,0.389,441.46,1
82,46,0.029,317.43,1
83,56,0.46,304.98,1
84,1,0.091,13.7,0
85,50,0.282,333.16,1
86,4,0.195,96.34,0
87,40,0.335,207.22,0
88,27,0.478,170.07,0
89,45,0.355,481.88,1
90,6,0.117,246.01,0
91,8,0.425,112.42,0
92,47,0.375,456.52,1
93,35,0.307,399.36,1
94,48,0.474,468.92,1
95,59,0.425,433.72,1
96,36,0.258,375.55,1
97,15,0.134,263.66,0
98,6,0.319,265.26,0
99,54,0.037,325.48,1
100,16,0.062,460.63,1
101,22,0.15,473.91,1
102,2,0.195,153.06,0
103,2,0.373,28.58,0
104,41,0.45,94.36,0
105,58,0.003,201.66,0
106,15,0.099,100.36,0
107,23,0.079,416.49,1
108,41,0.365,353.08,1
109,5,0.388,499.86,1
110,50,0.148,467.86,1
111,26,0.221,409.14,1
112,15,0.113,369.96,1
113,41,0.183,301.57,1
114,53,0.027,207.74,0
115,23,0.291,391.25,1
116,11,0.201,129.92,0
117,42,0.06,419.47,1
118,1,0.112,132.46,0
119,33,0.081,272.8,0
120,26,0.043,298.94,1
121,50,0.213,12.0,0
122,41,0.436,465.87,1
123,8,0.391,200.07,0
124,38,0.496,373.82,1
125,47,0.48,72.77,0
126,12,0.322,80.48,0
127,43,0.494,317.64,1
128,46,0.029,401.73,1
129,25,0.313,150.51,0
130,51,0.221,441.1,1
131,2,0.254,73.05,0
132,7,0.409,330.21,1
133,37,0.05,488.18,1
134,26,0.392,437.33,1
135,4,0.106,351.61,1
136,34,0.407,225.2,0
137,42,0.257,150.97,0
138,24,0.297,160.79,0
139,18,0.313,420.35,1
140,6,0.145,167.89,0
141,52,0.288,193.21,0
142,11,0.366,224.06,0
143,21,0.445,327.11,1
144,16,0.083,295.91,0
145,40,0.241,329.6,1
146,18,0.288,234.37,0
147,26,0.125,148.72,0
148,5,0.059,386.61,1
149,29,0.42,313.9,1
150,4,0.333,310.47,1
151,35,0.465,317.21,1
152,25,0.134,292.43,1
153,58,0.139,439.9,1
154,56,0.108,30.18,0
155,7,0.15,225.6,0
156,42,0.076,357.76,1
157,45,0.345,127.74,0
158,36,0.293,346.11,1
159,26,0.366,70.18,0
160,25,0.117,385.07,1
161,18,0.469,171.92,0
162,10,0.076,230.43,0
163,4,0.154,269.85,0
164,24,0.291,154.02,0
165,56,0.423,74.75,0
166,53,0.078,325.34,1
167,49,0.263,151.24,0
168,10,0.39,42.83,0
169,34,0.429,290.01,1
170,22,0.108,312.75,1
171,53,0.172,260.61,1
172,31,0.187,40.55,0
173,28,0.07,74.67,0
174,5,0.462,234.33,0
175,46,0.425,282.54,1
176,46,0.32,426.28,1
177,35,0.189,189.64,0
178,35,0.394,189.86,0
179,31,0.117,229.06,0
180,29,0.109,92.36,0
181,51,0.281,429.99,1
182,6,0.254,482.61,1
183,44,0.424,456.8,1
184,36,0.136,481.77,1
185,6,0.166,75.47,0
186,24,0.18,478.1,1
187,25,0.334,28.73,0
188,53,0.455,33.97,0
189,25,0.458,416.36,1
190,1,0.051,383.02,1
191,21,0.242,221.24,0
192,26,0.038,446.2,1
193,26,0.254,243.31,0
194,52,0.242,396.71,1
195,14,0.158,272.41,0
196,47,0.001,113.67,0
197,12,0.315,291.52,0
198,10,0.108,437.12,1
199,24,0.246,328.87,1
200,33,0.448,324.92,1
201,37,0.212,497.61,1
202,43,0.189,349.64,1
203,57,0.253,52.85,0
204,50,0.389,81.7,0
205,58,0.225,235.44,0
206,27,0.115,224.69,0
207,27,0.096,423.44,1
208,49,0.449,412.71,1
209,54,0.05,452.09,1
210,39,0.393,93.67,0
211,32,0.477,282.64,1
212,32,0.487,312.74,1
213,18,0.133,491.8,1
214,54,0.159,278.31,1
215,26,0.317,204.26,0
216,9,0.23,330.42,1
217,56,0.109,362.85,1
218,48,0.486,25.35,0
219,40,0.202,10.1,0
220,36,0.17,293.11,1
221,13,0.175,237.08,0
222,11,0.215,443.0,1
223,38,0.083,172.59,0
224,34,0.33,395.54,1
225,49,0.084,263.21,0
226,11,0.273,306.64,1
227,6,0.176,342.39,1
228,46,0.019,370.83,1
229,34,0.446,65.02,0
230,42,0.363,167.94,0
231,56,0.286,83.15,0
232,48,0.026,101.38,0
233,35,0.459,29.15,0
234,52,0.388,224.13,0
235,7,0.232,163.01,0
236,10,0.123,279.43,0
237,39,0.184,56.84,0
238,22,0.294,286.63,0
239,2,0.113,113.88,0
240,3,0.091,388.96,1
241,51,0.428,434.6,1
242,58,0.218,82.39,0
243,15,0.014,50.38,0
244,46,0.049,48.01,0
245,22,0.105,354.69,1
246,56,0.283,60.77,0
247,49,0.156,155.54,0
248,7,0.428,84.91,0
249,19,0.173,135.62,0
250,31,0.286,289.88,1
251,28,0.206,464.0,1
252,20,0.486,495.11,1
253,9,0.169,29.66,0
254,4,0.454,406.06,1
255,46,0.327,338.57,1
256,39,0.15,182.77,0
257,51,0.239,392.21,1
258,35,0.13,414.83,1
259,56,0.2,58.78,0
260,20,0.159,308.05,1
261,31,0.157,164.33,0
262,14,0.25,308.4,1
263,2,0.42,122.14,0
264,43,0.436,22.27,0
265,35,0.228,350.58,1
266,27,0.04,333.04,1
267,52,0.157,193.1,0
268,33,0.188,343.43,1
269,42,0.322,163.41,0
270,49,0.041,474.85,1
271,3,0.034,228.38,0
272,45,0.489,444.13,1
273,16,0.008,102.22,0
274,46,0.132,336.45,1
275,11,0.334,89.9,0
276,1,0.141,29.79,0
277,57,0.419,264.02,1
278,8,0.344,276.71,0
279,40,0.029,262.02,0
280,39,0.189,163.02,0
281,8,0.011,40.89,0
282,2,0.182,452.85,1
283,35,0.143,119.65,0
284,20,0.075,168.63,0
285,48,0.465,296.98,1
286,53,0.412,493.82,1
287,13,0.043,238.79,0
288,43,0.166,437.52,1
289,58,0.403,219.71,0
290,5,0.31,47.87,0
291,20,0.089,461.49,1
292,50,0.283,324.91,1
293,22,0.176,494.99,1
294,17,0.409,431.07,1
295,14,0.466,408.62,1
296,47,0.266,464.15,1
297,52,0.135,440.75,1
298,21,0.229,463.94,1
299,7,0.344,348.63,1
300,55,0.496,458.93,1
301,55,0.347,143.53,0
302,40,0.22,24.34,0
303,42,0.101,357.21,1
304,8,0.301,293.4,0
305,8,0.415,51.94,0
306,4,0.249,390.06,1
307,16,0.183,396.06,1
308,11,0.002,157.02,0
309,51,0.481,65.8,0
310,2,0.035,28.05,0
311,26,0.262,304.54,1
312,43,0.074,362.8,1
313,34,0.406,328.39,1
314,45,0.322,198.2,0
315,33,0.361,252.01,0
316,32,0.254,470.76,1
317,10,0.22,457.31,1
318,4,0.256,479.01,1
319,39,0.384,153.76,0
320,49,0.141,423.8,1
321,16,0.314,132.52,0
322,27,0.336,328.47,1
323,31,0.403,495.54,1
324,51,0.21,474.89,1
325,38,0.102,223.03,0
326,57,0.189,271.76,1
327,57,0.436,164.34,0
328,4,0.153,291.42,0
329,59,0.427,148.18,0
330,19,0.064,277.66,0
331,55,0.018,163.93,0
332,38,0.184,52.02,0
333,53,0.322,164.66,0
334,55,0.239,447.28,1
335,39,0.092,287.57,1
336,48,0.061,173.91,0
337,10,0.465,352.82,1
338,15,0.241,113.1,0
339,57,0.151,354.04,1
340,25,0.191,340.74,1
341,38,0.312,474.88,1
342,8,0.113,384.83,1
343,6,0.386,121.57,0
344,19,0.255,361.44,1
345,36,0.22,286.99,1
346,22,0.255,331.19,1
347,17,0.07,373.26,1
348,16,0.155,11.3,0
349,49,0.237,185.86,0
350,38,0.107,368.28,1
351,29,0.044,31.14,0
352,30,0.256,295.21,1
353,45,0.004,132.2,0
354,30,0.362,244.41,0
355,35,0.16,388.13,1
356,23,0.426,26.59,0
357,36,0.369,188.14,0
358,24,0.405,267.66,0
359,4,0.39,150.47,0
360,6,0.251,28.2,0
361,14,0.273,478.08,1
362,17,0.468,149.45,0
363,24,0.317,497.27,1
364,29,0.427,186.91,0
365,50,0.437,242.31,0
366,38,0.159,243.43,0
367,8,0.274,147.76,0
368,45,0.144,180.36,0
369,45,0.425,260.28,0
370,59,0.215,285.83,1
371,4,0.153,258.17,0
372,13,0.448,479.03,1
373,59,0.497,420.66,1
374,5,0.383,195.84,0
375,50,0.237,65.67,0
376,6,0.313,331.93,1
377,44,0.202,477.0,1
378,58,0.343,66.2,0
379,31,0.284,60.05,0
380,37,0.038,458.85,1
381,41,0.407,259.52,0
382,23,0.09,351.93,1
383,14,0.461,134.52,0
384,18,0.274,308.92,1
385,30,0.335,66.1,0
386,31,0.186,87.31,0
387,49,0.066,242.86,0
388,59,0.012,22.11,0
389,30,0.45,173.16,0
390,42,0.455,254.38,0
391,20,0.367,299.51,1
392,17,0.127,427.5,1
393,13,0.207,338.98,1
394,30,0.413,290.04,1
395,4,0.373,160.2,0
396,25,0.085,130.31,0
397,54,0.459,114.74,0
398,33,0.188,450.84,1
399,25,0.05,316.54,1
400,17,0.08,481.6,1
401,37,0.096,348.62,1
402,39,0.125,263.12,0
403,52,0.405,292.96,1
404,40,0.274,278.52,1
405,38,0.12,160.44,0
406,13,0.474,476.07,1
407,11,0.199,46.31,0
408,55,0.268,290.24,1
409,31,0.221,445.99,1
410,36,0.027,78.4,0
411,5,0.316,285.6,0
412,20,0.095,362.35,1
413,48,0.274,284.88,1
414,16,0.101,42.07,0
415,42,0.283,467.99,1
416,51,0.373,340.38,1
417,15,0.139,158.61,0
418,32,0.406,483.15,1
419,33,0.002,45.45,0
420,53,0.442,438.06,1
421,26,0.004,417.04,1
422,55,0.207,133.18,0
423,19,0.085,405.38,1
424,19,0.408,84.76,0
425,37,0.246,62.35,0
426,39,0.228,381.11,1
427,27,0.01,262.5,0
428,8,0.103,429.23,1
429,33,0.346,121.85,0
430,21,0.146,140.2,0
431,19,0.465,89.4,0
432,46,0.102,431.2,1
433,8,0.403,286.03,0
434,40,0.145,277.01,1
435,32,0.047,133.94,0
436,20,0.244,198.15,0
437,43,0.045,166.99,0
438,55,0.123,253.1,0
439,41,0.094,175.1,0
440,47,0.085,194.99,0
441,57,0.359,300.53,1
442,38,0.256,347.81,1
443,44,0.164,496.84,1
444,44,0.392,182.89,0
445,47,0.408,253.56,0
446,8,0.354,275.75,0
447,38,0.076,497.45,1
448,44,0.257,377.34,1
449,10,0.134,409.92,1
450,37,0.403,211.2,0
451,22,0.401,98.59,0
452,14,0.365,345.03,1
453,18,0.421,289.57,0
454,29,0.439,201.04,0
455,55,0.184,478.11,1
456,18,0.462,454.57,1
457,5,0.06,179.82,0
458,28,0.33,190.29,0
459,43,0.06,467.36,1
460,48,0.185,450.86,1
461,48,0.317,100.15,0
462,47,0.027,414.17,1
463,29,0.418,432.2,1
464,24,0.259,396.08,1
465,53,0.381,273.22,1
466,27,0.43,189.09,0
467,7,0.339,249.37,0
468,1,0.289,123.91,0
469,7,0.362,12.64,0
470,1,0.18,253.76,0
471,41,0.292,418.01,1
472,3,0.125,368.63,1
473,41,0.475,61.85,0
474,22,0.353,155.49,0
475,4,0.082,378.73,1
476,42,0.15,456.83,1
477,20,0.412,27.67,0
478,48,0.458,193.93,0
479,27,0.027,214.71,0
480,47,0.155,483.61,1
481,36,0.032,365.84,1
482,10,0.245,252.82,0
483,33,0.053,388.67,1
484,49,0.308,46.16,0
485,38,0.308,309.27,1
486,59,0.202,188.14,0
487,1,0.262,196.61,0
488,7,0.015,111.74,0
489,48,0.281,460.87,1
490,28,0.374,351.12,1
491,47,0.338,317.39,1
492,32,0.216,312.68,1
493,29,0.17,237.71,0
494,38,0.427,37.36,0
495,2,0.271,417.01,1
496,28,0.321,51.34,0
497,1,0.049,393.36,1
498,3,0.42,78.91,0
499,34,0.304,395.96,1
500,41,0.411,81.11,0
501,6,0.323,496.08,1
502,49,0.372,366.71,1
503,42,0.316,47.25,0
504,6,0.269,38.31,0
505,16,0.261,120.53,0
506,44,0.167,254.68,0
507,35,0.052,25.35,0
508,37,0.193,180.05,0
509,37,0.246,473.26,1
510,11,0.436,217.44,0
511,46,0.116,237.86,0
512,5,0.096,267.2,0
513,20,0.499,471.32,1
514,42,0.097,351.79,1
515,25,0.482,458.33,1
516,39,0.036,349.09,1
517,41,0.442,440.05,1
518,29,0.403,131.0,0
519,4,0.139,302.25,0
520,54,0.168,319.84,1
521,42,0.477,378.38,1
522,9,0.491,220.06,0
523,29,0.162,315.64,1
524,16,0.103,487.06,1
525,15,0.268,158.93,0
526,19,0.233,64.43,0
527,45,0.361,434.99,1
528,44,0.442,416.23,1
529,27,0.172,378.85,1
530,43,0.034,52.76,0
531,15,0.456,191.3,0
532,3,0.383,38.11,0
533,20,0.018,412.1,1
534,48,0.223,100.01,0
535,6,0.203,225.84,0
536,9,0.102,129.52,0
537,37,0.14,233.12,0
538,37,0.032,442.88,1
539,23,0.015,366.76,1
540,52,0.468,426.81,1
541,8,0.098,440.05,1
542,40,0.016,272.22,0
543,59,0.383,478.18,1
544,15,0.181,184.06,0
545,50,0.467,38.87,0
546,54,0.301,121.4,0
547,27,0.404,37.68,0
548,14,0.109,228.97,0
549,38,0.473,73.18,0
550,13,0.237,88.04,0
551,46,0.354,93.35,0
552,46,0.375,22.27,0
553,27,0.362,460.41,1
554,4,0.398,157.1,0
555,7,0.055,94.21,0
556,59,0.302,419.34,1
557,39,0.21,47.5,0
558,51,0.253,454.85,1
559,44,0.464,107.64,0
560,6,0.145,117.49,0
561,19,0.381,437.07,1
562,23,0.332,490.05,1
563,20,0.043,122.18,0
564,24,0.312,182.35,0
565,22,0.088,355.54,1
566,7,0.285,278.05,0
567,9,0.051,472.98,1
568,49,0.289,344.48,1
569,52,0.35,465.88,1
570,49,0.257,57.77,0
571,36,0.099,354.97,1
572,36,0.312,185.81,0
573,12,0.269,270.26,0
574,16,0.041,357.78,1
575,40,0.176,46.01,0
576,51,0.286,280.66,1
577,5,0.307,128.36,0
578,7,0.358,373.19,1
579,18,0.125,455.45,1
580,46,0.201,230.71,0
581,36,0.211,49.55,0
582,52,0.412,299.22,1
583,21,0.09,394.51,1
584,38,0.164,59.01,0
585,11,0.414,480.1,1
586,11,0.032,39.31,0
587,13,0.074,437.04,1
588,44,0.097,130.77,0
589,14,0.075,468.5,1
590,11,0.181,485.07,1
591,12,0.046,259.38,0
592,27,0.028,87.08,0
593,58,0.251,96.21,0
594,43,0.243,269.64,0
595,29,0.366,96.71,0
596,59,0.467,294.74,1
597,6,0.037,129.84,0
598,38,0.118,218.19,0
599,26,0.137,20.9,0
600,13,0.102,124.15,0
601,18,0.185,178.12,0
602,44,0.05,402.68,1
603,52,0.156,30.29,0
604,28,0.22,439.68,1
605,13,0.431,376.67,1
606,59,0.04,240.29,0
607,34,0.25,30.02,0
608,56,0.057,138.7,0
609,11,0.075,406.84,1
610,22,0.12,146.59,0
611,16,0.192,413.23,1
612,43,0.086,406.18,1
613,54,0.089,75.75,0
614,54,0.296,22.85,0
615,21,0.344,434.74,1
616,22,0.295,310.3,1
617,45,0.458,291.26,1
618,56,0.217,389.84,1
619,6,0.111,496.23,1
620,37,0.11,440.51,1
621,37,0.222,290.43,1
622,36,0.331,16.36,0
623,20,0.308,95.37,0
624,49,0.326,413.72,1
625,35,0.157,166.1,0
626,19,0.218,462.93,1
627,56,0.126,196.99,0
628,22,0.053,31.86,0
629,53,0.453,195.36,0
630,36,0.141,377.48,1
631,31,0.423,310.41,1
632,47,0.087,51.84,0
633,56,0.445,19.75,0
634,9,0.228,256.44,0
635,8,0.106,108.53,0
636,34,0.447,42.54,0
637,36,0.034,381.22,1
638,38,0.368,336.43,1
639,40,0.099,217.26,0
640,47,0.29,56.28,0
641,27,0.04,170.87,0
642,29,0.413,226.99,0
643,58,0.459,383.43,1
644,11,0.007,401.21,1
645,54,0.205,293.96,1
646,44,0.329,435.54,1
647,11,0.102,216.43,0
648,21,0.177,333.93,1
649,13,0.266,31.01,0
650,9,0.106,446.08,1
651,42,0.158,230.92,0
652,47,0.281,252.18,0
653,28,0.09,221.98,0
654,8,0.062,264.29,0
655,7,0.277,490.13,1
656,50,0.135,390.9,1
657,35,0.216,184.8,0
658,31,0.149,186.46,0
659,55,0.297,224.47,0
660,58,0.299,56.47,0
661,50,0.217,23.35,0
662,44,0.02,254.15,0
663,17,0.064,430.38,1
664,19,0.264,169.69,0
665,50,0.043,416.45,1
666,9,0.321,289.83,0
667,51,0.313,340.41,1
668,34,0.382,396.16,1
669,56,0.386,469.58,1
670,58,0.459,400.21,1
671,52,0.356,95.07,0
672,13,0.117,42.44,0
673,52,0.262,460.19,1
674,51,0.201,135.37,0
675,4,0.489,347.33,1
676,16,0.116,439.26,1
677,32,0.035,303.62,1
678,7,0.189,270.15,0
679,16,0.077,304.22,1
680,3,0.459,203.48,0
681,8,0.044,259.12,0
682,26,0.069,456.51,1
683,17,0.45,44.68,0
684,40,0.008,104.44,0
685,19,0.22,79.56,0
686,51,0.37,326.71,1
687,41,0.223,204.12,0
688,53,0.057,278.37,1
689,1,0.335,302.53,0
690,17,0.377,307.21,1
691,39,0.215,360.51,1
692,4,0.276,91.21,0
693,17,0.176,296.17,1
694,13,0.28,333.45,1
695,49,0.016,439.3,1
696,22,0.261,404.94,1
697,14,0.102,247.83,0
698,40,0.109,465.7,1
699,37,0.435,439.84,1
700,45,0.146,24.25,0
701,54,0.397,67.02,0
702,8,0.306,136.98,0
703,19,0.019,457.61,1
704,2,0.307,99.3,0
705,38,0.159,497.24,1
706,41,0.264,480.89,1
707,44,0.377,294.28,1
708,28,0.211,268.05,0
709,14,0.374,198.51,0
710,18,0.081,154.53,0
711,14,0.075,364.72,1
712,24,0.47,352.72,1
713,39,0.428,427.44,1
714,30,0.118,196.89,0
715,54,0.318,384.13,1
716,37,0.311,164.97,0
717,10,0.178,243.1,0
718,38,0.169,492.82,1
719,34,0.119,345.16,1
720,33,0.177,109.75,0
721,29,0.226,340.47,1
722,12,0.105,189.21,0
723,55,0.213,222.57,0
724,35,0.171,108.74,0
725,52,0.317,160.56,0
726,25,0.304,395.2,1
727,48,0.02,51.26,0
728,7,0.416,231.38,0
729,10,0.219,384.61,1
730,8,0.356,64.89,0
731,48,0.27,263.39,0
732,8,0.334,306.31,1
733,32,0.378,103.95,0
734,22,0.369,229.38,0
735,11,0.171,56.61,0
736,33,0.06,15.86,0
737,45,0.426,173.78,0
738,55,0.001,183.04,0
739,31,0.186,115.04,0
740,11,0.493,409.19,1
741,18,0.164,239.54,0
742,48,0.269,305.19,1
743,23,0.383,60.76,0
744,48,0.066,320.94,1
745,38,0.285,98.25,0
746,31,0.243,117.41,0
747,41,0.135,304.2,1
748,36,0.181,107.18,0
749,35,0.167,351.34,1
750,41,0.234,29.82,0
751,35,0.11,351.89,1
752,43,0.444,208.75,0
753,15,0.244,461.83,1
754,22,0.38,277.16,0
755,35,0.206,361.2,1
756,58,0.081,454.82,1
757,51,0.266,382.85,1
758,22,0.259,193.1,0
759,56,0.081,491.15,1
760,48,0.377,435.3,1
761,43,0.208,491.01,1
762,22,0.349,105.79,0
763,9,0.298,491.01,1
764,32,0.442,79.34,0
765,5,0.272,454.79,1
766,24,0.065,231.41,0
767,18,0.325,354.15,1
768,32,0.381,110.35,0
769,6,0.496,115.0,0
770,48,0.292,33.02,0
771,4,0.226,139.0,0
772,37,0.007,444.36,1
773,51,0.209,190.79,0
774,41,0.018,103.58,0
775,20,0.09,155.81,0
776,29,0.175,348.1,1
777,19,0.245,484.58,1
778,36,0.161,160.96,0
779,11,0.003,64.37,0
780,52,0.395,240.05,0
781,35,0.349,490.31,1
782,5,0.152,114.31,0
783,45,0.261,101.76,0
784,13,0.099,88.39,0
785,41,0.042,166.74,0
786,58,0.217,381.72,1
787,7,0.065,20.63,0
788,31,0.085,192.57,0
789,57,0.015,234.73,0
790,20,0.157,89.81,0
791,41,0.404,391.94,1
792,31,0.229,347.07,1
793,16,0.257,211.11,0
794,40,0.333,181.73,0
795,22,0.066,499.43,1
796,44,0.408,420.44,1
797,23,0.234,51.15,0
798,4,0.235,256.93,0
799,57,0.061,38.68,0
800,55,0.278,264.49,1
801,35,0.341,269.82,0
802,17,0.304,208.47,0
803,52,0.423,24.24,0
804,21,0.335,384.01,1
805,40,0.445,227.87,0
806,47,0.009,252.57,0
807,8,0.048,308.19,1
808,38,0.487,173.53,0
809,59,0.257,384.03,1
810,2,0.197,327.89,1
811,19,0.033,187.01,0
812,11,0.458,427.81,1
813,26,0.065,84.16,0
814,22,0.324,272.6,0
815,17,0.206,479.61,1
816,38,0.357,488.59,1
817,11,0.482,220.82,0
818,5,0.393,109.76,0
819,29,0.424,425.61,1
820,38,0.231,380.38,1
821,8,0.084,364.31,1
822,43,0.19,221.33,0
823,57,0.325,162.75,0
824,28,0.176,265.3,0
825,31,0.007,164.72,0
826,13,0.096,453.21,1
827,19,0.265,480.34,1
828,24,0.221,260.06,0
829,11,0.399,137.59,0
830,39,0.189,222.93,0
831,49,0.443,283.36,1
832,53,0.449,259.17,0
833,43,0.389,334.2,1
834,10,0.164,22.59,0
835,56,0.452,284.17,1
836,59,0.118,490.39,1
837,38,0.295,140.46,0
838,57,0.295,432.12,1
839,56,0.056,77.38,0
840,27,0.009,157.75,0
841,46,0.237,38.04,0
842,9,0.21,94.87,0
843,49,0.472,181.83,0
844,16,0.081,295.51,0
845,33,0.058,365.58,1
846,18,0.15,420.58,1
847,33,0.377,464.13,1
848,47,0.037,462.9,1
849,57,0.207,211.36,0
850,12,0.286,475.37,1
851,4,0.12,100.29,0
852,22,0.308,352.91,1
853,57,0.215,194.15,0
854,40,0.037,238.51,0
855,38,0.294,392.32,1
856,43,0.453,14.87,0
857,36,0.105,138.45,0
858,19,0.331,244.0,0
859,17,0.213,40.77,0
860,27,0.077,406.94,1
861,46,0.28,499.5,1
862,22,0.293,211.07,0
863,39,0.185,150.68,0
864,23,0.495,486.51,1
865,10,0.367,316.96,1
866,51,0.077,219.22,0
867,44,0.259,313.58,1
868,36,0.122,159.73,0
869,23,0.119,136.89,0
870,40,0.101,305.06,1
871,2,0.27,475.21,1
872,41,0.199,199.74,0
873,51,0.095,209.66,0
874,39,0.435,270.77,0
875,9,0.465,24.52,0
876,11,0.114,50.15,0
877,13,0.209,429.27,1
878,19,0.107,308.24,1
879,33,0.159,451.03,1
880,54,0.223,29.99,0
881,47,0.269,312.37,1
882,28,0.137,261.82,0
883,44,0.0,376.99,1
884,53,0.432,209.64,0
885,8,0.324,499.34,1
886,59,0.039,61.75,0
887,11,0.23,452.4,1
888,32,0.458,352.74,1
889,43,0.149,212.72,0
890,51,0.166,199.67,0
891,26,0.056,334.65,1
892,12,0.129,480.15,1
893,8,0.422,475.7,1
894,17,0.136,327.68,1
895,34,0.149,394.27,1
896,50,0.447,493.26,1
897,3,0.381,378.62,1
898,53,0.318,439.98,1
899,46,0.263,196.7,0
900,36,0.292,309.51,1
901,19,0.272,136.96,0
902,18,0.414,119.51,0
903,37,0.339,261.34,0
904,17,0.384,416.81,1
905,54,0.376,262.01,1
906,49,0.089,117.02,0
907,28,0.396,399.0,1
908,53,0.011,340.86,1
909,31,0.285,32.71,0
910,35,0.256,269.93,0
911,22,0.043,327.74,1
912,20,0.373,261.25,0
913,12,0.299,347.01,1
914,29,0.125,453.73,1
915,41,0.206,279.81,1
916,40,0.393,175.37,0
917,52,0.459,289.67,1
918,19,0.07,478.42,1
919,59,0.457,259.75,1
920,2,0.361,105.76,0
921,39,0.282,164.07,0
922,5,0.249,278.44,0
923,55,0.228,309.39,1
924,19,0.059,153.99,0
925,54,0.33,240.25,0
926,30,0.374,159.85,0
927,32,0.461,361.9,1
928,31,0.345,470.0,1
929,31,0.261,109.24,0
930,23,0.247,94.74,0
931,40,0.222,283.93,1
932,12,0.256,405.42,1
933,5,0.062,46.92,0
934,2,0.384,195.91,0
935,35,0.071,211.6,0
936,22,0.271,251.29,0
937,44,0.275,75.65,0
938,6,0.139,191.3,0
939,27,0.379,21.71,0
940,16,0.459,366.39,1
941,37,0.237,436.77,1
942,43,0.152,126.63,0
943,25,0.069,324.8,1
944,16,0.029,265.52,0
945,13,0.398,341.93,1
946,38,0.345,302.39,1
947,16,0.075,309.66,1
948,10,0.352,36.5,0
949,19,0.175,105.74,0
950,54,0.268,439.58,1
951,54,0.218,273.84,1
952,34,0.256,436.98,1
953,20,0.158,466.91,1
954,6,0.074,25.92,0
955,7,0.307,167.64,0
956,56,0.007,249.25,0
957,57,0.124,282.74,1
958,52,0.358,290.6,1
959,44,0.416,34.26,0
960,11,0.253,135.1,0
961,50,0.476,497.33,1
962,35,0.222,397.65,1
963,48,0.286,273.37,1
964,15,0.486,227.28,0
965,3,0.443,57.22,0
966,38,0.278,171.85,0
967,49,0.424,459.59,1
968,41,0.138,378.41,1
969,27,0.169,80.83,0
970,54,0.421,131.03,0
971,43,0.182,254.22,0
972,52,0.398,334.47,1
973,54,0.441,230.96,0
974,9,0.027,61.93,0
975,19,0.063,487.15,1
976,20,0.09,385.72,1
977,34,0.429,486.0,1
978,43,0.48,226.72,0
979,46,0.495,232.71,0
980,26,0.103,142.16,0
981,33,0.132,14.95,0
982,35,0.034,166.43,0
983,36,0.446,187.04,0
984,22,0.473,147.21,0
985,39,0.004,191.87,0
986,39,0.136,58.2,0
987,48,0.196,180.93,0
988,3,0.237,229.59,0
989,1,0.066,338.26,1
990,57,0.34,422.62,1
991,47,0.098,378.28,1
992,15,0.352,470.16,1
993,11,0.389,113.75,0
994,25,0.174,478.95,1
995,18,0.306,203.98,0
996,41,0.258,134.82,0
997,44,0.222,254.82,0
998,4,0.003,292.82,0
999,53,0.417,48.49,0
1000,55,0.044,119.6,0
1001,24,0.067,382.63,1
1002,23,0.43,382.24,1
1003,16,0.254,25.94,0
1004,33,0.313,230.41,0
1005,23,0.488,37.18,0
1006,34,0.413,439.67,1
1007,14,0.431,125.16,0
1008,16,0.259,342.15,1
1009,50,0.116,491.07,1
1010,51,0.045,324.9,1
1011,31,0.452,136.21,0
1012,11,0.443,11.48,0
1013,28,0.38,261.57,0
1014,15,0.327,248.38,0
1015,37,0.465,244.99,0
1016,28,0.496,458.28,1
1017,35,0.191,214.63,0
1018,5,0.393,145.18,0
1019,5,0.279,215.01,0
1020,56,0.093,274.93,1
1021,3,0.461,430.6,1
1022,51,0.13,156.88,0
1023,16,0.06,316.21,1
1024,40,0.368,324.83,1
1025,33,0.232,468.31,1
1026,22,0.459,238.93,0
1027,15,0.103,457.54,1
1028,25,0.038,88.89,0
1029,44,0.447,257.76,0
1030,33,0.074,97.92,0
1031,16,0.033,195.33,0
1032,52,0.055,222.62,0
1033,50,0.243,494.72,1
1034,18,0.127,354.73,1
1035,45,0.39,170.91,0
1036,8,0.265,214.48,0
1037,33,0.034,142.59,0
1038,10,0.361,177.18,0
1039,20,0.061,182.01,0
1040,9,0.241,266.06,0
1041,44,0.429,114.99,0
1042,35,0.313,207.84,0
1043,37,0.408,207.84,0
1044,12,0.478,29.18,0
1045,10,0.186,147.55,0
1046,30,0.49,141.93,0
1047,2,0.175,196.15,0
1048,51,0.094,157.54,0
1049,24,0.022,144.18,0
1050,25,0.42,17.22,0
1051,34,0.375,210.3,0
1052,52,0.484,270.69,1
1053,52,0.242,53.13,0
1054,5,0.478,268.96,0
1055,29,0.244,290.36,1
1056,52,0.265,344.71,1
1057,25,0.12,272.68,0
1058,18,0.017,96.2,0
1059,50,0.041,469.62,1
1060,38,0.085,414.4,1
1061,24,0.16,345.99,1
1062,34,0.247,153.6,0
1063,26,0.07,124.63,0
1064,32,0.312,348.0,1
1065,8,0.294,285.44,0
1066,31,0.395,187.84,0
1067,50,0.124,109.64,0
1068,28,0.07,363.67,1
1069,34,0.241,40.39,0
1070,54,0.192,458.04,1
1071,14,0.14,46.31,0
1072,17,0.023,303.0,1
1073,16,0.322,454.26,1
1074,14,0.105,331.24,1
1075,46,0.261,333.31,1
1076,58,0.455,169.29,0
1077,6,0.418,383.14,1
1078,39,0.19,429.25,1
1079,14,0.386,338.66,1
1080,12,0.082,262.16,0
1081,51,0.155,139.76,0
1082,26,0.389,372.26,1
1083,17,0.176,71.01,0
1084,24,0.474,276.36,0
1085,59,0.083,452.41,1
1086,8,0.276,306.49,1
1087,1,0.293,145.46,0
1088,12,0.171,407.41,1
1089,7,0.206,217.88,0
1090,37,0.215,35.42,0
1091,44,0.385,31.72,0
1092,41,0.163,328.4,1
1093,21,0.494,83.52,0
1094,34,0.009,60.69,0
1095,34,0.499,388.93,1
1096,59,0.301,145.52,0
1097,16,0.105,347.76,1
1098,27,0.416,339.43,1
1099,47,0.133,331.86,1
1100,34,0.144,66.67,0
1101,46,0.16,19.17,0
1102,59,0.373,458.35,1
1103,37,0.474,371.27,1
1104,52,0.054,230.77,0
1105,37,0.138,284.05,1
1106,44,0.404,436.8,1
1107,35,0.164,142.4,0
1108,57,0.01,456.31,1
1109,21,0.238,266.04,0
1110,27,0.11,174.15,0
1111,26,0.159,98.18,0
1112,39,0.498,460.94,1
1113,6,0.244,495.62,1
1114,55,0.447,462.7,1
1115,31,0.099,312.7,1
1116,16,0.15,333.13,1
1117,33,0.466,61.27,0
1118,15,0.403,207.07,0
1119,34,0.476,70.06,0
1120,10,0.471,235.06,0
1121,40,0.229,30.11,0
1122,20,0.047,331.49,1
1123,4,0.408,280.76,0
1124,38,0.192,116.57,0
1125,13,0.087,12.5,0
1126,3,0.374,276.1,0
1127,29,0.292,182.03,0
1128,32,0.216,273.9,0
1129,17,0.281,452.82,1
1130,15,0.198,73.54,0
1131,36,0.178,201.62,0
1132,55,0.368,434.73,1
1133,32,0.296,109.9,0
1134,17,0.285,244.78,0
1135,18,0.356,17.3,0
1136,51,0.38,101.35,0
1137,21,0.244,35.27,0
1138,57,0.131,303.43,1
1139,21,0.032,132.59,0
1140,23,0.494,350.77,1
1141,13,0.012,105.84,0
1142,31,0.455,487.6,1
1143,3,0.333,493.15,1
1144,31,0.277,269.88,0
1145,44,0.142,439.43,1
1146,31,0.12,18.17,0
1147,37,0.332,210.14,0
1148,28,0.249,250.44,0
1149,51,0.486,381.9,1
1150,13,0.09,273.02,0
1151,46,0.147,272.22,1
1152,59,0.073,258.04,1
1153,47,0.491,435.43,1
1154,52,0.171,293.0,1
1155,28,0.37,378.77,1
1156,11,0.48,447.0,1
1157,36,0.028,299.82,1
1158,53,0.074,248.39,0
1159,39,0.095,253.28,0
1160,18,0.311,308.66,1
1161,34,0.334,308.83,1
1162,10,0.166,58.6,0
1163,16,0.441,215.17,0
1164,36,0.224,324.21,1
1165,24,0.344,318.74,1
1166,42,0.418,124.68,0
1167,34,0.014,415.86,1
1168,39,0.119,342.94,1
1169,20,0.012,33.15,0
1170,20,0.027,88.5,0
1171,55,0.43,269.38,1
1172,18,0.194,410.84,1
1173,12,0.236,129.79,0
1174,40,0.077,54.21,0
1175,49,0.151,88.58,0
1176,26,0.469,305.37,1
1177,55,0.104,250.63,0
1178,48,0.297,79.45,0
1179,14,0.335,225.52,0
1180,3,0.494,406.15,1
1181,35,0.357,281.07,1
1182,50,0.182,331.82,1
1183,16,0.479,289.99,0
1184,51,0.457,370.01,1
1185,25,0.095,142.39,0
1186,30,0.453,393.65,1
1187,13,0.035,333.51,1
1188,31,0.016,328.64,1
1189,50,0.3,326.29,1
1190,45,0.074,244.7,0
1191,36,0.221,341.33,1
1192,50,0.032,392.28,1
1193,31,0.427,498.98,1
1194,47,0.486,337.37,1
1195,30,0.052,490.19,1
1196,27,0.265,151.93,0
1197,18,0.471,275.52,0
1198,20,0.111,460.77,1
1199,38,0.041,85.58,0
1200,21,0.085,182.1,0
1201,14,0.152,117.43,0
1202,33,0.184,48.65,0
1203,1,0.466,308.01,0
1204,7,0.185,62.06,0
1205,7,0.101,82.98,0
1206,9,0.026,18.31,0
1207,18,0.171,46.53,0
1208,12,0.324,29.53,0
1209,3,0.319,206.69,0
1210,10,0.032,220.24,0
1211,54,0.27,287.42,1
1212,15,0.202,116.59,0
1213,10,0.163,202.33,0
1214,41,0.496,14.07,0
1215,51,0.079,275.27,1
1216,18,0.217,119.9,0
1217,49,0.236,136.97,0
1218,42,0.199,13.19,0
1219,58,0.043,70.54,0
1220,13,0.314,284.69,0
1221,53,0.184,198.9,0
1222,26,0.292,257.19,0
1223,31,0.426,229.17,0
1224,42,0.461,397.53,1
1225,7,0.317,301.69,0
1226,56,0.282,263.26,1
1227,5,0.174,292.29,0
1228,52,0.097,423.67,1
1229,10,0.244,103.82,0
1230,15,0.16,457.08,1
1231,12,0.439,154.98,0
1232,30,0.376,155.87,0
1233,39,0.292,236.2,0
1234,10,0.343,67.63,0
1235,59,0.116,240.56,0
1236,20,0.401,171.84,0
1237,35,0.414,300.63,1
1238,32,0.387,389.51,1
1239,19,0.192,497.98,1
1240,47,0.408,439.53,1
1241,18,0.126,152.24,0
1242,21,0.396,39.97,0
1243,51,0.297,171.55,0
1244,32,0.226,51.36,0
1245,27,0.094,443.59,1
1246,12,0.4,402.62,1
1247,3,0.046,94.08,0
1248,8,0.481,133.63,0
1249,52,0.493,25.96,0
1250,30,0.423,414.86,1
1251,29,0.463,435.94,1
1252,47,0.068,263.41,0
1253,29,0.492,396.39,1
1254,57,0.429,481.34,1
1255,43,0.407,211.47,0
1256,37,0.264,267.93,0
1257,8,0.238,387.37,1
1258,2,0.384,367.82,1
1259,3,0.236,484.73,1
1260,42,0.046,315.16,1
1261,9,0.03,156.24,0
1262,52,0.458,438.06,1
1263,15,0.188,427.85,1
1264,2,0.047,376.44,1
1265,33,0.468,420.09,1
1266,29,0.288,19.58,0
1267,36,0.326,213.78,0
1268,39,0.109,47.89,0
1269,54,0.302,446.8,1
1270,9,0.3,274.38,0
1271,23,0.135,136.25,0
1272,44,0.022,170.87,0
1273,34,0.139,214.35,0
1274,50,0.117,189.26,0
1275,1,0.039,476.36,1
1276,24,0.04,243.02,0
1277,41,0.286,197.23,0
1278,14,0.139,28.92,0
1279,25,0.01,481.93,1
1280,4,0.301,212.29,0
1281,40,0.426,309.34,1
1282,34,0.375,288.28,1
1283,45,0.34,116.71,0
1284,36,0.187,208.5,0
1285,51,0.43,372.11,1
1286,31,0.497,270.05,0
1287,38,0.185,497.41,1
1288,4,0.183,300.78,0
1289,16,0.269,205.49,0
1290,15,0.309,387.72,1
1291,15,0.395,304.49,1
1292,33,0.412,414.12,1
1293,27,0.123,25.21,0
1294,52,0.08,414.63,1
1295,19,0.328,27.09,0
1296,33,0.213,148.1,0
1297,14,0.366,262.83,0
1298,13,0.404,183.6,0
1299,12,0.122,131.91,0
1300,48,0.18,167.94,0
1301,10,0.463,492.35,1
1302,49,0.077,341.39,1
1303,56,0.017,102.97,0
1304,4,0.096,209.59,0
1305,40,0.341,451.34,1
1306,33,0.488,441.27,1
1307,30,0.143,375.08,1
1308,40,0.105,183.17,0
1309,18,0.313,242.3,0
1310,53,0.026,386.81,1
1311,23,0.003,145.68,0
1312,45,0.315,322.81,1
1313,55,0.172,490.33,1
1314,23,0.44,479.97,1
1315,31,0.365,473.66,1
1316,16,0.429,108.1,0
1317,54,0.159,94.39,0
1318,53,0.051,383.12,1
1319,36,0.262,369.15,1
1320,27,0.309,36.49,0
1321,6,0.482,20.3,0
1322,42,0.211,309.2,1
1323,46,0.376,209.93,0
1324,1,0.256,332.33,1
1325,34,0.063,431.19,1
1326,52,0.233,20.92,0
1327,55,0.336,182.55,0
1328,1,0.264,110.38,0
1329,54,0.286,418.58,1
1330,40,0.176,460.44,1
1331,3,0.457,403.88,1
1332,45,0.439,20.35,0
1333,58,0.491,356.58,1
1334,41,0.209,237.62,0
1335,27,0.138,25.64,0
1336,37,0.408,320.54,1
1337,31,0.497,495.23,1
1338,53,0.449,489.71,1
1339,44,0.206,167.4,0
1340,24,0.459,468.82,1
1341,17,0.416,494.37,1
1342,57,0.197,336.72,1
1343,1,0.277,384.47,1
1344,6,0.091,417.8,1
1345,32,0.309,339.13,1
1346,26,0.492,144.6,0
1347,31,0.303,58.2,0
1348,47,0.259,83.53,0
1349,31,0.225,406.17,1
1350,51,0.01,229.19,0
1351,34,0.014,211.68,0
1352,33,0.072,263.85,0
1353,46,0.042,181.37,0
1354,40,0.021,23.94,0
1355,36,0.395,140.21,0
1356,58,0.455,264.82,1
1357,16,0.317,173.35,0
1358,34,0.24,149.02,0
1359,21,0.057,194.53,0
1360,29,0.022,444.84,1
1361,16,0.267,397.61,1
1362,33,0.455,277.84,0
1363,21,0.286,78.98,0
1364,39,0.3,245.26,0
1365,46,0.261,497.64,1
1366,8,0.357,351.7,1
1367,36,0.026,15.79,0
1368,10,0.04,21.07,0
1369,36,0.285,443.55,1
1370,27,0.254,309.27,1
1371,15,0.152,14.3,0
1372,18,0.118,272.63,0
1373,35,0.468,77.54,0
1374,2,0.454,36.4,0
1375,22,0.356,268.76,0
1376,38,0.068,134.22,0
1377,18,0.37,232.59,0
1378,11,0.305,302.79,1
1379,2,0.092,373.56,1
1380,11,0.316,294.72,0
1381,51,0.019,117.02,0
1382,36,0.471,129.23,0
1383,38,0.066,466.13,1
1384,34,0.485,74.84,0
1385,36,0.363,251.47,0
1386,23,0.12,206.34,0
1387,3,0.112,327.35,1
1388,3,0.266,346.61,1
1389,45,0.149,181.93,0
1390,58,0.215,45.95,0
1391,17,0.231,130.37,0
1392,35,0.22,117.81,0
1393,27,0.004,323.04,1
1394,11,0.208,137.03,0
1395,6,0.004,445.51,1
1396,27,0.151,147.78,0
1397,52,0.39,175.41,0
1398,50,0.411,226.62,0
1399,6,0.151,205.6,0
1400,40,0.167,178.98,0
1401,52,0.22,407.53,1
1402,6,0.348,81.96,0
1403,58,0.329,244.07,0
1404,20,0.436,41.77,0
1405,39,0.284,55.6,0
1406,57,0.231,387.52,1
1407,39,0.394,385.75,1
1408,32,0.257,206.81,0
1409,6,0.442,180.18,0
1410,55,0.477,451.37,1
1411,53,0.101,214.68,0
1412,32,0.05,143.76,0
1413,13,0.235,229.89,0
1414,45,0.332,90.73,0
1415,8,0.325,133.7,0
1416,39,0.262,59.97,0
1417,2,0.207,455.58,1
1418,19,0.444,469.69,1
1419,17,0.074,243.09,0
1420,55,0.081,359.57,1
1421,14,0.493,414.32,1
1422,30,0.138,450.46,1
1423,12,0.41,462.6,1
1424,37,0.234,367.92,1
1425,8,0.111,383.38,1
1426,41,0.144,282.14,1
1427,5,0.272,181.16,0
1428,32,0.242,261.01,0
1429,17,0.277,355.61,1
1430,53,0.034,476.99,1
1431,3,0.233,264.61,0
1432,19,0.26,30.81,0
1433,30,0.476,442.7,1
1434,8,0.095,466.28,1
1435,14,0.179,315.5,1
1436,33,0.053,270.56,0
1437,7,0.435,256.14,0
1438,13,0.362,308.6,1
1439,42,0.406,442.05,1
1440,35,0.003,329.16,1
1441,3,0.437,478.8,1
1442,1,0.435,436.69,1
1443,12,0.364,298.66,0
1444,34,0.013,336.02,1
1445,9,0.028,208.17,0
1446,32,0.047,96.2,0
1447,20,0.006,173.69,0
1448,10,0.065,484.89,1
1449,1,0.388,105.62,0
1450,45,0.377,144.45,0
1451,52,0.459,389.6,1
1452,25,0.053,398.68,1
1453,20,0.372,189.82,0
1454,6,0.045,259.03,0
1455,54,0.343,10.24,0
1456,27,0.009,50.79,0
1457,58,0.412,46.61,0
1458,49,0.226,283.2,1
1459,13,0.302,402.51,1
1460,42,0.292,258.96,0
1461,1,0.301,62.87,0
1462,18,0.28,32.22,0
1463,3,0.087,415.34,1
1464,59,0.32,267.33,1
1465,34,0.372,403.3,1
1466,7,0.159,297.15,0
1467,54,0.056,166.07,0
1468,55,0.099,313.29,1
1469,3,0.141,206.81,0
1470,15,0.417,142.31,0
1471,25,0.213,266.72,0
1472,28,0.096,355.63,1
1473,18,0.413,240.71,0
1474,23,0.006,486.8,1
1475,7,0.338,283.66,0
1476,31,0.074,391.33,1
1477,14,0.212,191.92,0
1478,41,0.29,368.55,1
1479,40,0.208,255.39,0
1480,37,0.048,172.72,0
1481,26,0.193,101.4,0
1482,55,0.411,357.18,1
1483,24,0.342,288.87,1
1484,19,0.153,134.11,0
1485,59,0.108,219.75,0
1486,49,0.209,218.54,0
1487,52,0.487,330.96,1
1488,13,0.194,297.38,0
1489,25,0.08,372.28,1
1490,9,0.376,330.16,1
1491,28,0.337,82.76,0
1492,42,0.162,134.8,0
1493,38,0.176,111.52,0
1494,1,0.002,158.67,0
1495,40,0.427,472.1,1
1496,14,0.403,138.14,0
1497,18,0.272,270.31,0
1498,9,0.231,78.45,0
1499,50,0.355,58.74,0
1500,5,0.426,215.39,0
1501,4,0.178,257.67,0
1502,57,0.394,313.55,1
1503,9,0.193,433.96,1
1504,8,0.07,469.7,1
1505,30,0.273,128.11,0
1506,9,0.443,322.97,1
1507,32,0.365,110.17,0
1508,48,0.378,431.84,1
1509,51,0.071,53.02,0
1510,33,0.304,140.07,0
1511,43,0.025,249.42,0
1512,1,0.392,479.22,1
1513,42,0.05,147.17,0
1514,46,0.468,75.38,0
1515,45,0.382,321.05,1
1516,15,0.22,259.29,0
1517,17,0.425,145.32,0
1518,40,0.461,204.3,0
1519,22,0.173,96.81,0
1520,14,0.367,67.13,0
1521,43,0.073,439.91,1
1522,6,0.2,424.88,1
1523,56,0.29,420.43,1
1524,52,0.208,291.99,1
1525,59,0.046,464.69,1
1526,51,0.129,371.41,1
1527,49,0.292,409.08,1
1528,59,0.088,63.12,0
1529,44,0.373,297.42,1
1530,31,0.048,142.39,0
1531,33,0.471,32.29,0
1532,45,0.105,154.56,0
1533,31,0.137,446.5,1
1534,32,0.447,227.72,0
1535,9,0.014,78.31,0
1536,7,0.2,425.92,1
1537,2,0.108,133.12,0
1538,47,0.439,157.81,0
1539,29,0.446,86.36,0
1540,50,0.309,268.19,1
1541,55,0.423,117.65,0
1542,33,0.377,444.58,1
1543,56,0.466,45.21,0
1544,44,0.225,75.18,0
1545,27,0.33,463.57,1
1546,56,0.121,230.54,0
1547,8,0.494,396.78,1
1548,46,0.088,183.48,0
1549,58,0.308,453.54,1
1550,22,0.227,321.12,1
1551,19,0.437,475.52,1
1552,45,0.397,267.91,1
1553,58,0.294,171.53,0
1554,22,0.285,379.15,1
1555,14,0.167,71.03,0
1556,25,0.066,143.25,0
1557,35,0.283,103.59,0
1558,36,0.196,336.77,1
1559,51,0.11,322.55,1
1560,58,0.335,371.02,1
1561,53,0.123,220.34,0
1562,48,0.382,139.05,0
1563,46,0.244,203.78,0
1564,30,0.355,200.18,0
1565,17,0.082,191.49,0
1566,25,0.064,200.18,0
1567,10,0.176,126.18,0
1568,40,0.064,436.07,1
1569,37,0.197,93.2,0
1570,33,0.04,55.89,0
1571,53,0.263,425.02,1
1572,5,0.213,139.12,0
1573,47,0.257,388.76,1
1574,47,0.444,316.76,1
1575,7,0.268,82.47,0
1576,10,0.477,371.88,1
1577,33,0.285,336.14,1
1578,38,0.161,449.91,1
1579,30,0.259,279.89,0
1580,43,0.193,150.23,0
1581,36,0.248,295.97,1
1582,41,0.16,47.08,0
1583,2,0.081,357.27,1
1584,43,0.364,462.06,1
1585,9,0.29,449.61,1
1586,24,0.229,95.37,0
1587,20,0.305,133.97,0
1588,14,0.363,361.85,1
1589,35,0.207,192.37,0
1590,50,0.478,15.97,0
1591,28,0.481,73.5,0
1592,54,0.301,392.71,1
1593,38,0.166,94.8,0
1594,58,0.208,283.48,1
1595,24,0.393,128.21,0
1596,49,0.471,113.25,0
1597,22,0.256,145.69,0
1598,44,0.449,64.93,0
1599,9,0.322,325.09,1
1600,18,0.359,269.18,0
1601,7,0.102,75.6,0
1602,53,0.269,190.19,0
1603,10,0.115,14.84,0
1604,19,0.243,73.95,0
1605,23,0.265,25.15,0
1606,35,0.479,385.39,1
1607,50,0.105,333.97,1
1608,20,0.057,51.33,0
1609,43,0.146,21.56,0
1610,15,0.487,435.55,1
1611,22,0.193,13.43,0
1612,27,0.092,177.44,0
1613,38,0.314,66.83,0
1614,39,0.037,463.28,1
1615,1,0.435,472.84,1
1616,19,0.048,83.72,0
1617,35,0.139,64.42,0
1618,54,0.388,303.8,1
1619,55,0.248,451.82,1
1620,37,0.189,318.07,1
1621,23,0.099,253.4,0
1622,56,0.151,315.63,1
1623,7,0.219,433.36,1
1624,13,0.289,102.19,0
1625,39,0.179,278.43,1
1626,24,0.233,318.69,1
1627,16,0.261,73.13,0
1628,48,0.448,442.21,1
1629,4,0.286,460.79,1
1630,1,0.253,97.89,0
1631,11,0.062,124.78,0
1632,28,0.319,401.21,1
1633,3,0.17,100.03,0
1634,22,0.132,304.26,1
1635,25,0.314,27.42,0
1636,52,0.467,444.51,1
1637,18,0.108,91.13,0
1638,12,0.327,368.77,1
1639,8,0.174,223.61,0
1640,50,0.035,144.13,0
1641,8,0.369,366.97,1
1642,20,0.341,431.79,1
1643,29,0.002,196.24,0
1644,36,0.036,137.62,0
1645,30,0.032,313.58,1
1646,41,0.152,123.88,0
1647,15,0.031,294.69,0
1648,9,0.279,424.78,1
1649,16,0.089,428.83,1
1650,54,0.087,17.74,0
1651,58,0.488,404.76,1
1652,57,0.225,125.99,0
1653,38,0.448,210.02,0
1654,54,0.236,435.34,1
1655,15,0.103,497.61,1
1656,23,0.012,305.67,1
1657,50,0.122,137.49,0
1658,41,0.473,131.12,0
1659,1,0.247,379.56,1
1660,55,0.171,328.73,1
1661,43,0.045,312.43,1
1662,46,0.11,225.09,0
1663,32,0.244,118.87,0
1664,9,0.261,314.15,1
1665,59,0.006,409.0,1
1666,24,0.258,112.02,0
1667,57,0.178,343.68,1
1668,6,0.393,124.77,0
1669,5,0.087,350.2,1
1670,24,0.363,70.96,0
1671,35,0.188,12.01,0
1672,19,0.249,352.42,1
1673,46,0.202,200.99,0
1674,40,0.092,145.49,0
1675,20,0.449,311.75,1
1676,38,0.024,301.25,1
1677,9,0.487,133.46,0
1678,9,0.491,153.8,0
1679,36,0.443,222.0,0
1680,41,0.079,71.85,0
1681,3,0.409,412.2,1
1682,39,0.328,345.81,1
1683,45,0.403,122.95,0
1684,44,0.036,364.95,1
1685,59,0.06,467.19,1
1686,23,0.213,441.52,1
1687,16,0.385,426.65,1
1688,47,0.49,334.25,1
1689,12,0.473,245.83,0
1690,17,0.169,338.98,1
1691,59,0.147,184.69,0
1692,9,0.243,41.11,0
1693,34,0.119,135.97,0
1694,27,0.23,13.13,0
1695,5,0.297,464.66,1
1696,24,0.466,340.92,1
1697,53,0.262,362.54,1
1698,25,0.452,491.38,1
1699,46,0.418,251.24,0
1700,3,0.075,94.49,0
1701,45,0.459,248.04,0
1702,46,0.333,387.43,1
1703,45,0.067,218.69,0
1704,46,0.051,296.68,1
1705,19,0.177,31.49,0
1706,36,0.12,340.52,1
1707,44,0.382,183.51,0
1708,53,0.101,432.04,1
1709,52,0.027,439.51,1
1710,42,0.442,56.69,0
1711,13,0.236,376.3,1
1712,39,0.193,445.24,1
1713,18,0.216,95.25,0
1714,11,0.255,258.6,0
1715,6,0.053,439.92,1
1716,4,0.443,443.13,1
1717,23,0.273,305.29,1
1718,16,0.439,474.52,1
1719,27,0.288,288.55,1
1720,51,0.026,68.18,0
1721,47,0.276,67.45,0
1722,36,0.171,228.33,0
1723,16,0.129,175.63,0
1724,52,0.13,19.43,0
1725,38,0.204,141.65,0
1726,47,0.276,228.08,0
1727,9,0.384,275.22,0
1728,2,0.469,430.23,1
1729,28,0.189,10.6,0
1730,49,0.335,415.44,1
1731,54,0.136,12.03,0
1732,24,0.436,169.35,0
1733,27,0.202,354.68,1
1734,58,0.36,332.28,1
1735,43,0.26,90.56,0
1736,51,0.403,300.63,1
1737,40,0.319,41.97,0
1738,25,0.188,475.19,1
1739,32,0.38,450.3,1
1740,54,0.471,344.6,1
1741,33,0.477,316.12,1
1742,50,0.231,436.95,1
1743,24,0.002,199.86,0
1744,1,0.258,285.29,0
1745,33,0.304,29.87,0
1746,28,0.234,310.48,1
1747,43,0.091,487.32,1
1748,57,0.228,412.85,1
1749,3,0.233,198.18,0
1750,59,0.148,25.2,0
1751,49,0.018,232.95,0
1752,39,0.397,349.89,1
1753,31,0.457,496.99,1
1754,55,0.365,183.67,0
1755,12,0.003,262.0,0
1756,4,0.339,167.05,0
1757,3,0.071,347.47,1
1758,32,0.197,155.33,0
1759,16,0.002,125.64,0
1760,17,0.223,244.4,0
1761,1,0.302,401.0,1
1762,2,0.141,365.98,1
1763,20,0.385,162.44,0
1764,3,0.057,226.5,0
1765,3,0.325,350.61,1
1766,26,0.23,329.0,1
1767,23,0.223,278.8,0
1768,20,0.263,486.52,1
1769,14,0.468,288.19,0
1770,17,0.274,317.3,1
1771,58,0.052,36.95,0
1772,23,0.499,344.93,1
1773,39,0.218,487.95,1
1774,41,0.267,252.68,0
1775,3,0.208,347.86,1
1776,8,0.453,279.42,0
1777,41,0.127,369.86,1
1778,36,0.222,434.32,1
1779,31,0.263,206.73,0
1780,7,0.334,264.91,0
1781,18,0.198,371.12,1
1782,40,0.218,474.42,1
1783,19,0.323,61.18,0
1784,40,0.461,191.44,0
1785,18,0.072,91.41,0
1786,8,0.353,420.8,1
1787,9,0.127,101.21,0
1788,32,0.459,407.56,1
1789,6,0.098,228.08,0
1790,15,0.385,15.87,0
1791,2,0.084,69.11,0
1792,13,0.022,279.67,0
1793,29,0.284,15.57,0
1794,4,0.443,373.14,1
1795,24,0.324,292.57,1
1796,54,0.029,381.26,1
1797,43,0.173,357.5,1
1798,5,0.051,192.22,0
1799,20,0.419,136.62,0
1800,1,0.02,16.74,0
1801,36,0.195,437.52,1
1802,28,0.359,282.52,0
1803,35,0.486,414.04,1
1804,29,0.488,125.11,0
1805,37,0.456,271.32,0
1806,34,0.431,263.06,0
1807,59,0.16,182.72,0
1808,54,0.051,298.3,1
1809,6,0.333,335.46,1
1810,22,0.365,161.45,0
1811,43,0.3,113.52,0
1812,7,0.198,443.33,1
1813,58,0.291,303.03,1
1814,1,0.422,314.07,1
1815,11,0.092,254.1,0
1816,17,0.002,408.59,1
1817,50,0.324,41.99,0
1818,28,0.232,211.05,0
1819,2,0.082,45.94,0
1820,23,0.241,215.79,0
1821,41,0.344,70.62,0
1822,36,0.168,39.08,0
1823,36,0.304,275.34,0
1824,58,0.09,360.52,1
1825,37,0.315,68.69,0
1826,8,0.1,33.17,0
1827,50,0.054,82.6,0
1828,37,0.003,61.77,0
1829,35,0.038,353.22,1
1830,7,0.113,72.69,0
1831,21,0.245,426.6,1
1832,13,0.113,198.32,0
1833,44,0.336,226.79,0
1834,54,0.018,327.23,1
1835,58,0.154,34.13,0
1836,15,0.279,325.77,1
1837,16,0.341,215.35,0
1838,13,0.078,475.47,1
1839,4,0.356,263.69,0
1840,43,0.038,350.19,1
1841,59,0.097,234.93,0
1842,51,0.123,255.41,0
1843,37,0.422,418.07,1
1844,3,0.123,437.41,1
1845,59,0.029,131.91,0
1846,10,0.316,274.46,0
1847,19,0.217,464.7,1
1848,50,0.344,222.86,0
1849,48,0.167,147.77,0
1850,32,0.045,445.8,1
1851,4,0.008,32.44,0
1852,2,0.217,466.55,1
1853,25,0.081,381.33,1
1854,21,0.473,454.39,1
1855,57,0.156,373.88,1
1856,32,0.153,174.58,0
1857,46,0.061,317.78,1
1858,1,0.167,182.88,0
1859,35,0.442,319.76,1
1860,17,0.211,439.52,1
1861,20,0.121,185.14,0
1862,55,0.31,338.14,1
1863,20,0.313,236.79,0
1864,3,0.166,342.93,1
1865,15,0.282,381.37,1
1866,42,0.49,24.75,0
1867,2,0.208,22.1,0
1868,34,0.379,350.72,1
1869,29,0.115,322.97,1
1870,16,0.013,163.64,0
1871,33,0.45,119.7,0
1872,30,0.368,457.9,1
1873,44,0.482,241.23,0
1874,42,0.494,370.09,1
1875,32,0.47,222.56,0
1876,18,0.281,390.68,1
1877,59,0.371,134.85,0
1878,34,0.407,302.06,1
1879,40,0.323,439.13,1
1880,50,0.334,137.21,0
1881,36,0.017,385.38,1
1882,49,0.173,179.09,0
1883,54,0.039,338.26,1
1884,37,0.104,497.17,1
1885,28,0.47,154.68,0
1886,43,0.385,341.19,1
1887,59,0.393,467.1,1
1888,12,0.018,81.5,0
1889,37,0.424,370.59,1
1890,15,0.074,356.93,1
1891,4,0.275,241.82,0
1892,12,0.117,250.66,0
1893,59,0.38,103.35,0
1894,45,0.116,108.48,0
1895,38,0.221,56.24,0
1896,29,0.082,236.08,0
1897,47,0.248,163.16,0
1898,13,0.258,82.76,0
1899,56,0.029,104.92,0
1900,22,0.07,299.28,1
1901,48,0.131,316.65,1
1902,24,0.087,75.03,0
1903,18,0.414,185.72,0
1904,52,0.463,141.77,0
1905,5,0.296,238.81,0
1906,42,0.219,461.56,1
1907,50,0.122,53.35,0
1908,48,0.306,251.15,0
1909,29,0.02,279.06,0
1910,53,0.238,178.42,0
1911,13,0.259,269.45,0
1912,46,0.007,248.92,0
1913,42,0.041,117.88,0
1914,53,0.169,200.85,0
1915,11,0.336,167.3,0
1916,35,0.466,40.23,0
1917,14,0.018,192.98,0
1918,55,0.143,394.7,1
1919,38,0.35,430.94,1
1920,24,0.072,99.13,0
1921,52,0.309,84.18,0
1922,15,0.104,246.6,0
1923,13,0.346,187.5,0
1924,6,0.358,347.12,1
1925,11,0.307,163.65,0
1926,46,0.222,58.83,0
1927,51,0.06,489.1,1
1928,53,0.079,270.43,1
1929,43,0.208,158.24,0
1930,47,0.149,490.17,1
1931,21,0.238,323.93,1
1932,44,0.349,277.17,1
1933,5,0.164,442.11,1
1934,54,0.049,233.99,0
1935,11,0.165,285.81,0
1936,2,0.328,66.61,0
1937,15,0.413,295.17,0
1938,20,0.447,348.15,1
1939,9,0.362,495.75,1
1940,16,0.236,425.67,1
1941,42,0.379,452.18,1
1942,41,0.474,173.59,0
1943,1,0.222,74.3,0
1944,46,0.149,404.89,1
1945,39,0.226,387.8,1
1946,4,0.46,19.77,0
1947,5,0.219,26.12,0
1948,2,0.237,392.27,1
1949,42,0.458,97.21,0
1950,40,0.445,179.96,0
1951,46,0.097,46.03,0
1952,30,0.04,463.79,1
1953,20,0.019,270.31,0
1954,19,0.313,54.7,0
1955,55,0.059,72.25,0
1956,56,0.005,139.48,0
1957,47,0.419,219.97,0
1958,11,0.037,206.59,0
1959,48,0.332,355.68,1
1960,36,0.433,412.65,1
1961,11,0.205,443.47,1
1962,15,0.423,105.83,0
1963,42,0.265,499.34,1
1964,53,0.075,361.83,1
1965,36,0.301,168.79,0
1966,36,0.225,372.78,1
1967,52,0.222,391.57,1
1968,4,0.401,405.46,1
1969,43,0.285,216.92,0
1970,51,0.027,248.68,0
1971,14,0.068,187.66,0
1972,45,0.067,465.88,1
1973,43,0.187,309.37,1
1974,35,0.144,388.63,1
1975,16,0.347,393.77,1
1976,15,0.382,434.48,1
1977,12,0.209,456.16,1
1978,18,0.353,360.59,1
1979,55,0.479,106.99,0
1980,18,0.261,322.55,1
1981,18,0.242,12.61,0
1982,22,0.135,263.17,0
1983,6,0.231,382.64,1
1984,49,0.222,314.52,1
1985,22,0.159,380.55,1
1986,8,0.089,222.61,0
1987,42,0.457,450.85,1
1988,16,0.237,382.51,1
1989,9,0.232,390.5,1
1990,38,0.214,199.31,0
1991,19,0.27,315.94,1
1992,8,0.048,95.0,0
1993,18,0.363,28.95,0
1994,44,0.488,184.24,0
1995,55,0.124,165.39,0
1996,27,0.108,489.35,1
1997,59,0.215,135.89,0
1998,27,0.332,438.94,1
1999,11,0.377,33.06,0
2000,59,0.125,111.69,0
